{"N":56,"S":640,"D":0.5479141995511116,"Se":0.5000000625010593,"C":0.3000000000000014}